binX low edge,binX high edge,binY low edge,binY high edge,Data / GeV^2,"Sig (mX=700,mY=400) / GeV^2",Bkg / GeV^2
340.0,360.0,36.0,51.0,0.1400,0.00000000,0.1710
340.0,360.0,51.0,62.0,0.2409,0.00000347,0.3428
340.0,360.0,62.0,70.0,0.3313,0.00000000,0.4428
340.0,360.0,70.0,78.0,0.5312,0.00000813,0.4166
340.0,360.0,78.0,86.0,0.4000,0.00003830,0.4235
340.0,360.0,86.0,94.0,0.3063,0.00001103,0.4446
340.0,360.0,94.0,102.0,0.4688,0.00001341,0.4696
340.0,360.0,102.0,110.0,0.4250,0.00001874,0.4562
340.0,360.0,110.0,122.0,0.2667,0.00002439,0.3401
340.0,360.0,122.0,140.0,0.2389,0.00001815,0.3067
340.0,360.0,140.0,156.0,0.7563,0.00002948,0.7959
340.0,360.0,156.0,172.0,0.9094,0.00004586,0.9470
340.0,360.0,172.0,188.0,1.0125,0.00001365,1.0618
340.0,360.0,188.0,204.0,1.0063,0.00002393,1.2652
340.0,360.0,204.0,228.0,0.7146,0.00000615,0.9956
340.0,360.0,228.0,260.0,0.0266,0.00000000,0.0367
360.0,392.0,36.0,51.0,0.2167,0.00000153,0.2259
360.0,392.0,51.0,62.0,0.4602,0.00000384,0.4908
360.0,392.0,62.0,70.0,0.5039,0.00000823,0.6175
360.0,392.0,70.0,78.0,0.4961,0.00000847,0.5639
360.0,392.0,78.0,86.0,0.5000,0.00001000,0.5584
360.0,392.0,86.0,94.0,0.5430,0.00001156,0.5792
360.0,392.0,94.0,102.0,0.5391,0.00001765,0.5477
360.0,392.0,102.0,110.0,0.5273,0.00002441,0.5771
360.0,392.0,110.0,122.0,0.3281,0.00000177,0.4066
360.0,392.0,122.0,140.0,0.2847,0.00001611,0.3261
360.0,392.0,140.0,156.0,0.6934,0.00005296,0.8922
360.0,392.0,156.0,172.0,0.9004,0.00004679,1.0220
360.0,392.0,172.0,188.0,1.0195,0.00008316,1.1479
360.0,392.0,188.0,204.0,1.0684,0.00003914,1.1686
360.0,392.0,204.0,228.0,1.1992,0.00003838,1.3491
360.0,392.0,228.0,260.0,0.7139,0.00000702,0.9111
360.0,392.0,260.0,292.0,0.0195,0.00000000,0.0166
392.0,424.0,36.0,51.0,0.2792,0.00000000,0.2596
392.0,424.0,51.0,62.0,0.6790,0.00001774,0.7949
392.0,424.0,62.0,70.0,0.6680,0.00001415,0.7723
392.0,424.0,70.0,78.0,0.7227,0.00001081,0.7608
392.0,424.0,78.0,86.0,0.6367,0.00000997,0.7329
392.0,424.0,86.0,94.0,0.7031,0.00002201,0.7222
392.0,424.0,94.0,102.0,0.6211,0.00001985,0.7872
392.0,424.0,102.0,110.0,0.5742,0.00004401,0.6689
392.0,424.0,110.0,122.0,0.3177,0.00002982,0.4290
392.0,424.0,122.0,140.0,0.2882,0.00003022,0.3098
392.0,424.0,140.0,156.0,0.7188,0.00005322,0.8535
392.0,424.0,156.0,172.0,0.8926,0.00010819,0.9318
392.0,424.0,172.0,188.0,1.0195,0.00009138,1.0234
392.0,424.0,188.0,204.0,1.1641,0.00013739,1.0967
392.0,424.0,204.0,228.0,1.1901,0.00009584,1.2843
392.0,424.0,228.0,260.0,1.2480,0.00002982,1.3207
392.0,424.0,260.0,292.0,0.7939,0.00001223,0.9670
392.0,424.0,292.0,324.0,0.0107,0.00000000,0.0222
424.0,456.0,36.0,51.0,0.2458,0.00000462,0.2699
424.0,456.0,51.0,62.0,0.8580,0.00000644,0.8851
424.0,456.0,62.0,70.0,0.9844,0.00000819,1.0055
424.0,456.0,70.0,78.0,0.8789,0.00001528,1.0576
424.0,456.0,78.0,86.0,0.9492,0.00001161,0.9236
424.0,456.0,86.0,94.0,0.8008,0.00000980,0.8998
424.0,456.0,94.0,102.0,0.8281,0.00004907,0.8968
424.0,456.0,102.0,110.0,0.7266,0.00004994,0.8572
424.0,456.0,110.0,122.0,0.4010,0.00004107,0.4384
424.0,456.0,122.0,140.0,0.2812,0.00003825,0.3502
424.0,456.0,140.0,156.0,0.7656,0.00007330,0.8805
424.0,456.0,156.0,172.0,0.8574,0.00011292,0.9264
424.0,456.0,172.0,188.0,0.8496,0.00016519,0.9627
424.0,456.0,188.0,204.0,1.1191,0.00021887,1.1124
424.0,456.0,204.0,228.0,1.1693,0.00017838,1.1852
424.0,456.0,228.0,260.0,1.2490,0.00008126,1.2114
424.0,456.0,260.0,292.0,1.1270,0.00003741,1.2744
424.0,456.0,292.0,324.0,0.6914,0.00001726,0.8585
424.0,456.0,324.0,356.0,0.0176,0.00000000,0.0163
456.0,488.0,36.0,51.0,0.1958,0.00000000,0.3015
456.0,488.0,51.0,62.0,0.7869,0.00001027,0.9652
456.0,488.0,62.0,70.0,1.1992,0.00002193,1.2058
456.0,488.0,70.0,78.0,1.0508,0.00002503,1.0738
456.0,488.0,78.0,86.0,1.1406,0.00001494,1.0644
456.0,488.0,86.0,94.0,0.9570,0.00001255,0.9999
456.0,488.0,94.0,102.0,0.9414,0.00005112,0.8977
456.0,488.0,102.0,110.0,0.8086,0.00003372,0.8129
456.0,488.0,110.0,122.0,0.4089,0.00005054,0.4784
456.0,488.0,122.0,140.0,0.2899,0.00003652,0.3440
456.0,488.0,140.0,156.0,0.6953,0.00009087,0.8665
456.0,488.0,156.0,172.0,0.7363,0.00009986,0.8477
456.0,488.0,172.0,188.0,0.7930,0.00014214,0.9082
456.0,488.0,188.0,204.0,0.9922,0.00022487,0.9680
456.0,488.0,204.0,228.0,1.0156,0.00029848,1.0923
456.0,488.0,228.0,260.0,1.1387,0.00022185,1.1871
456.0,488.0,260.0,292.0,1.1045,0.00010551,1.1616
456.0,488.0,292.0,324.0,0.9619,0.00005748,1.0903
456.0,488.0,324.0,356.0,0.5547,0.00001335,0.6976
456.0,488.0,356.0,388.0,0.0078,0.00000000,0.0135
488.0,520.0,36.0,51.0,0.1833,0.00000000,0.1716
488.0,520.0,51.0,62.0,0.6989,0.00000692,0.8198
488.0,520.0,62.0,70.0,1.0547,0.00001145,1.0618
488.0,520.0,70.0,78.0,1.1562,0.00002344,1.1499
488.0,520.0,78.0,86.0,1.0898,0.00002390,1.0590
488.0,520.0,86.0,94.0,0.9570,0.00002479,0.9623
488.0,520.0,94.0,102.0,0.9688,0.00003018,0.9672
488.0,520.0,102.0,110.0,0.7891,0.00006408,0.9581
488.0,520.0,110.0,122.0,0.4349,0.00005271,0.5128
488.0,520.0,122.0,140.0,0.2708,0.00002849,0.3531
488.0,520.0,140.0,156.0,0.7266,0.00007209,0.7990
488.0,520.0,156.0,172.0,0.7207,0.00010771,0.8483
488.0,520.0,172.0,188.0,0.8555,0.00010072,0.8096
488.0,520.0,188.0,204.0,0.7891,0.00024635,0.8066
488.0,520.0,204.0,228.0,0.8802,0.00037059,0.8743
488.0,520.0,228.0,260.0,1.0117,0.00053191,0.9914
488.0,520.0,260.0,292.0,0.9824,0.00027469,1.0071
488.0,520.0,292.0,324.0,0.9258,0.00010571,0.9444
488.0,520.0,324.0,356.0,0.8066,0.00004706,0.8040
488.0,520.0,356.0,388.0,0.4746,0.00000814,0.5044
488.0,520.0,388.0,444.0,0.0039,0.00000000,0.0089
520.0,552.0,36.0,51.0,0.1646,0.00000232,0.1823
520.0,552.0,51.0,62.0,0.6023,0.00000676,0.6298
520.0,552.0,62.0,70.0,1.0117,0.00000383,0.9644
520.0,552.0,70.0,78.0,1.0742,0.00001706,1.1257
520.0,552.0,78.0,86.0,1.0508,0.00000464,1.0067
520.0,552.0,86.0,94.0,0.9648,0.00000679,1.0646
520.0,552.0,94.0,102.0,0.9297,0.00002964,0.9488
520.0,552.0,102.0,110.0,0.7461,0.00001512,0.8591
520.0,552.0,110.0,122.0,0.3932,0.00002573,0.4628
520.0,552.0,122.0,140.0,0.2517,0.00002536,0.2963
520.0,552.0,140.0,156.0,0.7793,0.00006720,0.7935
520.0,552.0,156.0,172.0,0.6719,0.00007101,0.7383
520.0,552.0,172.0,188.0,0.6738,0.00010679,0.7374
520.0,552.0,188.0,204.0,0.7129,0.00020992,0.7556
520.0,552.0,204.0,228.0,0.7656,0.00033578,0.8043
520.0,552.0,228.0,260.0,0.8164,0.00067972,0.8283
520.0,552.0,260.0,292.0,0.8438,0.00084377,0.8877
520.0,552.0,292.0,324.0,0.8271,0.00024688,0.8504
520.0,552.0,324.0,356.0,0.7686,0.00009936,0.8051
520.0,552.0,356.0,388.0,0.6543,0.00004238,0.6706
520.0,552.0,388.0,444.0,0.1981,0.00000737,0.2263
552.0,584.0,36.0,51.0,0.1250,0.00000000,0.1544
552.0,584.0,51.0,62.0,0.5625,0.00000422,0.5328
552.0,584.0,62.0,70.0,0.8047,0.00000539,0.8869
552.0,584.0,70.0,78.0,0.9805,0.00001143,0.9930
552.0,584.0,78.0,86.0,0.9258,0.00001785,0.9871
552.0,584.0,86.0,94.0,0.8281,0.00002493,0.9713
552.0,584.0,94.0,102.0,0.8828,0.00001473,0.8476
552.0,584.0,102.0,110.0,0.7266,0.00001688,0.7751
552.0,584.0,110.0,122.0,0.2995,0.00001910,0.4059
552.0,584.0,122.0,140.0,0.2309,0.00000756,0.2774
552.0,584.0,140.0,156.0,0.5918,0.00003281,0.7299
552.0,584.0,156.0,172.0,0.6094,0.00004609,0.6531
552.0,584.0,172.0,188.0,0.6035,0.00007893,0.6431
552.0,584.0,188.0,204.0,0.6172,0.00010462,0.6442
552.0,584.0,204.0,228.0,0.6458,0.00024411,0.6475
552.0,584.0,228.0,260.0,0.7129,0.00052364,0.7367
552.0,584.0,260.0,292.0,0.7363,0.00137436,0.7604
552.0,584.0,292.0,324.0,0.7461,0.00107948,0.7516
552.0,584.0,324.0,356.0,0.7148,0.00020332,0.6760
552.0,584.0,356.0,388.0,0.6035,0.00010094,0.6213
552.0,584.0,388.0,444.0,0.4074,0.00002021,0.4563
552.0,584.0,444.0,508.0,0.0166,0.00000000,0.0157
584.0,616.0,36.0,51.0,0.0833,0.00000000,0.1278
584.0,616.0,51.0,62.0,0.4659,0.00001273,0.4590
584.0,616.0,62.0,70.0,0.6406,0.00002111,0.7534
584.0,616.0,70.0,78.0,0.7891,0.00001032,0.8721
584.0,616.0,78.0,86.0,0.8398,0.00000418,0.8957
584.0,616.0,86.0,94.0,0.8047,0.00000399,0.7826
584.0,616.0,94.0,102.0,0.6484,0.00002238,0.7889
584.0,616.0,102.0,110.0,0.6445,0.00001087,0.7109
584.0,616.0,110.0,122.0,0.3151,0.00000872,0.3683
584.0,616.0,122.0,140.0,0.2153,0.00001034,0.2680
584.0,616.0,140.0,156.0,0.5312,0.00003143,0.6502
584.0,616.0,156.0,172.0,0.5234,0.00002433,0.6011
584.0,616.0,172.0,188.0,0.5176,0.00002176,0.5353
584.0,616.0,188.0,204.0,0.5469,0.00006958,0.5361
584.0,616.0,204.0,228.0,0.5430,0.00011923,0.5386
584.0,616.0,228.0,260.0,0.5879,0.00033679,0.5958
584.0,616.0,260.0,292.0,0.6133,0.00088586,0.6357
584.0,616.0,292.0,324.0,0.6328,0.00241890,0.6264
584.0,616.0,324.0,356.0,0.6113,0.00120904,0.6277
584.0,616.0,356.0,388.0,0.5557,0.00018813,0.5690
584.0,616.0,388.0,444.0,0.4693,0.00007485,0.4588
584.0,616.0,444.0,508.0,0.1313,0.00000743,0.1661
616.0,648.0,36.0,51.0,0.0875,0.00000000,0.0925
616.0,648.0,51.0,62.0,0.3608,0.00000446,0.3913
616.0,648.0,62.0,70.0,0.6016,0.00000754,0.5438
616.0,648.0,70.0,78.0,0.6797,0.00000233,0.8001
616.0,648.0,78.0,86.0,0.7656,0.00001075,0.7428
616.0,648.0,86.0,94.0,0.6133,0.00001293,0.7558
616.0,648.0,94.0,102.0,0.6523,0.00002753,0.7208
616.0,648.0,102.0,110.0,0.6758,0.00000960,0.6514
616.0,648.0,110.0,122.0,0.2344,0.00000764,0.3243
616.0,648.0,122.0,140.0,0.1476,0.00000619,0.2195
616.0,648.0,140.0,156.0,0.4746,0.00001883,0.5449
616.0,648.0,156.0,172.0,0.4785,0.00002305,0.5034
616.0,648.0,172.0,188.0,0.4258,0.00003408,0.4920
616.0,648.0,188.0,204.0,0.5293,0.00004729,0.4866
616.0,648.0,204.0,228.0,0.4076,0.00006756,0.4847
616.0,648.0,228.0,260.0,0.5166,0.00015476,0.5242
616.0,648.0,260.0,292.0,0.5117,0.00042360,0.5283
616.0,648.0,292.0,324.0,0.5254,0.00146288,0.5452
616.0,648.0,324.0,356.0,0.5605,0.00398310,0.5068
616.0,648.0,356.0,388.0,0.4736,0.00100537,0.4861
616.0,648.0,388.0,444.0,0.4464,0.00012053,0.4181
616.0,648.0,444.0,508.0,0.2896,0.00001052,0.2931
616.0,648.0,508.0,572.0,0.0049,0.00000054,0.0099
648.0,704.0,36.0,51.0,0.0857,0.00000000,0.0631
648.0,704.0,51.0,62.0,0.2760,0.00000000,0.2941
648.0,704.0,62.0,70.0,0.4286,0.00000000,0.4430
648.0,704.0,70.0,78.0,0.5781,0.00000000,0.6140
648.0,704.0,78.0,86.0,0.6362,0.00000854,0.6622
648.0,704.0,86.0,94.0,0.5826,0.00001170,0.6164
648.0,704.0,94.0,102.0,0.5357,0.00001055,0.6287
648.0,704.0,102.0,110.0,0.4621,0.00000772,0.5947
648.0,704.0,110.0,122.0,0.2307,0.00000384,0.2709
648.0,704.0,122.0,140.0,0.1597,0.00000485,0.1699
648.0,704.0,140.0,156.0,0.3783,0.00001747,0.4602
648.0,704.0,156.0,172.0,0.4520,0.00001260,0.4120
648.0,704.0,172.0,188.0,0.3650,0.00001580,0.3698
648.0,704.0,188.0,204.0,0.3806,0.00003405,0.3621
648.0,704.0,204.0,228.0,0.3624,0.00004889,0.3841
648.0,704.0,228.0,260.0,0.3984,0.00008812,0.3980
648.0,704.0,260.0,292.0,0.4023,0.00015045,0.4207
648.0,704.0,292.0,324.0,0.4224,0.00039016,0.4292
648.0,704.0,324.0,356.0,0.3906,0.00148449,0.4059
648.0,704.0,356.0,388.0,0.3811,0.00468498,0.4098
648.0,704.0,388.0,444.0,0.3651,0.00123873,0.3610
648.0,704.0,444.0,508.0,0.2958,0.00004386,0.3032
648.0,704.0,508.0,572.0,0.1250,0.00000561,0.1302
648.0,704.0,572.0,636.0,0.0005,0.00000000,0.0005
704.0,768.0,36.0,51.0,0.0500,0.00000000,0.0518
704.0,768.0,51.0,62.0,0.1903,0.00000089,0.2353
704.0,768.0,62.0,70.0,0.3086,0.00000000,0.3141
704.0,768.0,70.0,78.0,0.4062,0.00000327,0.4204
704.0,768.0,78.0,86.0,0.4141,0.00000184,0.4680
704.0,768.0,86.0,94.0,0.4805,0.00000288,0.4615
704.0,768.0,94.0,102.0,0.4082,0.00000510,0.4847
704.0,768.0,102.0,110.0,0.3867,0.00000138,0.4151
704.0,768.0,110.0,122.0,0.1823,0.00000106,0.2138
704.0,768.0,122.0,140.0,0.1111,0.00000126,0.1394
704.0,768.0,140.0,156.0,0.3047,0.00000404,0.3733
704.0,768.0,156.0,172.0,0.3047,0.00000981,0.3443
704.0,768.0,172.0,188.0,0.3018,0.00001055,0.2907
704.0,768.0,188.0,204.0,0.2725,0.00000953,0.3069
704.0,768.0,204.0,228.0,0.2799,0.00001849,0.3000
704.0,768.0,228.0,260.0,0.2773,0.00002884,0.2907
704.0,768.0,260.0,292.0,0.2900,0.00004817,0.2985
704.0,768.0,292.0,324.0,0.2837,0.00008118,0.3081
704.0,768.0,324.0,356.0,0.2837,0.00010954,0.2880
704.0,768.0,356.0,388.0,0.2739,0.00026899,0.3027
704.0,768.0,388.0,444.0,0.2916,0.00142827,0.2734
704.0,768.0,444.0,508.0,0.2395,0.00013036,0.2551
704.0,768.0,508.0,572.0,0.1938,0.00001170,0.2070
704.0,768.0,572.0,636.0,0.0686,0.00000077,0.0718
704.0,768.0,636.0,700.0,0.0005,0.00000000,0.0005
768.0,832.0,36.0,51.0,0.0333,0.00000120,0.0292
768.0,832.0,51.0,62.0,0.1435,0.00000000,0.1481
768.0,832.0,62.0,70.0,0.2070,0.00000000,0.2357
768.0,832.0,70.0,78.0,0.3164,0.00000000,0.2701
768.0,832.0,78.0,86.0,0.3184,0.00000221,0.3282
768.0,832.0,86.0,94.0,0.3086,0.00000000,0.3845
768.0,832.0,94.0,102.0,0.3164,0.00000522,0.3742
768.0,832.0,102.0,110.0,0.3027,0.00000054,0.3702
768.0,832.0,110.0,122.0,0.1471,0.00000000,0.1452
768.0,832.0,122.0,140.0,0.0833,0.00000000,0.1112
768.0,832.0,140.0,156.0,0.2432,0.00000470,0.2691
768.0,832.0,156.0,172.0,0.2246,0.00000697,0.2554
768.0,832.0,172.0,188.0,0.2100,0.00000140,0.2479
768.0,832.0,188.0,204.0,0.1934,0.00000666,0.2324
768.0,832.0,204.0,228.0,0.2070,0.00000772,0.1972
768.0,832.0,228.0,260.0,0.1934,0.00000549,0.2102
768.0,832.0,260.0,292.0,0.2188,0.00001330,0.2140
768.0,832.0,292.0,324.0,0.2051,0.00001334,0.2199
768.0,832.0,324.0,356.0,0.1953,0.00003202,0.2136
768.0,832.0,356.0,388.0,0.1987,0.00003466,0.1988
768.0,832.0,388.0,444.0,0.1903,0.00004403,0.1953
768.0,832.0,444.0,508.0,0.1738,0.00007913,0.1800
768.0,832.0,508.0,572.0,0.1724,0.00001704,0.1783
768.0,832.0,572.0,636.0,0.1311,0.00000412,0.1400
768.0,832.0,636.0,700.0,0.0493,0.00000000,0.0499
768.0,832.0,700.0,764.0,0.0005,0.00000000,0.0005
832.0,896.0,36.0,51.0,0.0188,0.00000000,0.0210
832.0,896.0,51.0,62.0,0.0866,0.00000000,0.0920
832.0,896.0,62.0,70.0,0.1465,0.00000000,0.1708
832.0,896.0,70.0,78.0,0.2090,0.00000065,0.1831
832.0,896.0,78.0,86.0,0.2090,0.00000205,0.2502
832.0,896.0,86.0,94.0,0.2402,0.00000000,0.2678
832.0,896.0,94.0,102.0,0.2480,0.00000000,0.2651
832.0,896.0,102.0,110.0,0.1895,0.00000000,0.2379
832.0,896.0,110.0,122.0,0.0964,0.00000000,0.1103
832.0,896.0,122.0,140.0,0.0720,0.00000000,0.0782
832.0,896.0,140.0,156.0,0.1826,0.00000000,0.2290
832.0,896.0,156.0,172.0,0.1533,0.00000414,0.1919
832.0,896.0,172.0,188.0,0.1387,0.00000408,0.1825
832.0,896.0,188.0,204.0,0.1504,0.00000113,0.1590
832.0,896.0,204.0,228.0,0.1361,0.00000385,0.1487
832.0,896.0,228.0,260.0,0.1484,0.00000350,0.1451
832.0,896.0,260.0,292.0,0.1411,0.00000723,0.1512
832.0,896.0,292.0,324.0,0.1689,0.00000829,0.1560
832.0,896.0,324.0,356.0,0.1528,0.00000699,0.1548
832.0,896.0,356.0,388.0,0.1436,0.00000908,0.1445
832.0,896.0,388.0,444.0,0.1194,0.00001104,0.1374
832.0,896.0,444.0,508.0,0.1272,0.00001527,0.1282
832.0,896.0,508.0,572.0,0.1292,0.00002125,0.1275
832.0,896.0,572.0,636.0,0.1060,0.00000757,0.1109
832.0,896.0,636.0,700.0,0.0894,0.00000404,0.0977
832.0,896.0,700.0,764.0,0.0332,0.00000059,0.0368
832.0,896.0,764.0,892.0,0.0005,0.00000000,0.0005
896.0,960.0,36.0,51.0,0.0198,0.00000000,0.0115
896.0,960.0,51.0,62.0,0.0753,0.00000000,0.0625
896.0,960.0,62.0,70.0,0.0840,0.00000000,0.1125
896.0,960.0,70.0,78.0,0.0879,0.00000000,0.1356
896.0,960.0,78.0,86.0,0.1777,0.00000000,0.1512
896.0,960.0,86.0,94.0,0.1445,0.00000000,0.1763
896.0,960.0,94.0,102.0,0.1855,0.00000000,0.1975
896.0,960.0,102.0,110.0,0.1426,0.00000000,0.1871
896.0,960.0,110.0,122.0,0.0755,0.00000000,0.0924
896.0,960.0,122.0,140.0,0.0417,0.00000000,0.0603
896.0,960.0,140.0,156.0,0.1396,0.00000000,0.1421
896.0,960.0,156.0,172.0,0.1279,0.00000000,0.1319
896.0,960.0,172.0,188.0,0.1113,0.00000052,0.1392
896.0,960.0,188.0,204.0,0.0967,0.00000620,0.1313
896.0,960.0,204.0,228.0,0.1042,0.00000031,0.1262
896.0,960.0,228.0,260.0,0.1040,0.00000195,0.1152
896.0,960.0,260.0,292.0,0.0981,0.00000230,0.1107
896.0,960.0,292.0,324.0,0.1064,0.00000175,0.1133
896.0,960.0,324.0,356.0,0.1021,0.00000567,0.1160
896.0,960.0,356.0,388.0,0.0981,0.00000863,0.1048
896.0,960.0,388.0,444.0,0.0996,0.00000687,0.1024
896.0,960.0,444.0,508.0,0.0894,0.00000393,0.0941
896.0,960.0,508.0,572.0,0.0977,0.00001102,0.0850
896.0,960.0,572.0,636.0,0.0835,0.00001038,0.0825
896.0,960.0,636.0,700.0,0.0840,0.00000417,0.0815
896.0,960.0,700.0,764.0,0.0630,0.00000227,0.0645
896.0,960.0,764.0,892.0,0.0107,0.00000029,0.0103
960.0,1024.0,51.0,62.0,0.0440,0.00000000,0.0439
960.0,1024.0,62.0,70.0,0.0742,0.00000000,0.0816
960.0,1024.0,70.0,78.0,0.0898,0.00000000,0.0924
960.0,1024.0,78.0,86.0,0.1016,0.00000000,0.0971
960.0,1024.0,86.0,94.0,0.1289,0.00000000,0.1391
960.0,1024.0,94.0,102.0,0.1445,0.00000000,0.1352
960.0,1024.0,102.0,110.0,0.1055,0.00000000,0.1380
960.0,1024.0,110.0,122.0,0.0495,0.00000000,0.0577
960.0,1024.0,122.0,140.0,0.0304,0.00000000,0.0382
960.0,1024.0,140.0,156.0,0.1025,0.00000000,0.1113
960.0,1024.0,156.0,172.0,0.0928,0.00000164,0.1211
960.0,1024.0,172.0,188.0,0.0918,0.00000076,0.0988
960.0,1024.0,188.0,204.0,0.0732,0.00000160,0.0958
960.0,1024.0,204.0,228.0,0.0807,0.00000067,0.0805
960.0,1024.0,228.0,260.0,0.0791,0.00000204,0.0851
960.0,1024.0,260.0,292.0,0.0889,0.00000147,0.0801
960.0,1024.0,292.0,324.0,0.0781,0.00000251,0.0815
960.0,1024.0,324.0,356.0,0.0806,0.00000141,0.0803
960.0,1024.0,356.0,388.0,0.0752,0.00000291,0.0840
960.0,1024.0,388.0,444.0,0.0720,0.00000296,0.0737
960.0,1024.0,444.0,508.0,0.0598,0.00000275,0.0695
960.0,1024.0,508.0,572.0,0.0608,0.00000488,0.0629
960.0,1024.0,572.0,636.0,0.0515,0.00000745,0.0640
960.0,1024.0,636.0,700.0,0.0569,0.00000528,0.0598
960.0,1024.0,700.0,764.0,0.0496,0.00000319,0.0570
960.0,1024.0,764.0,892.0,0.0310,0.00000056,0.0313
960.0,1024.0,892.0,1020.0,0.0005,0.00000000,0.0005
1024.0,1088.0,51.0,62.0,0.0341,0.00000000,0.0355
1024.0,1088.0,62.0,70.0,0.0645,0.00000000,0.0598
1024.0,1088.0,70.0,78.0,0.0859,0.00000000,0.0691
1024.0,1088.0,78.0,86.0,0.1055,0.00000000,0.0677
1024.0,1088.0,86.0,94.0,0.0898,0.00000000,0.0841
1024.0,1088.0,94.0,102.0,0.0957,0.00000000,0.0816
1024.0,1088.0,102.0,110.0,0.0957,0.00000000,0.0882
1024.0,1088.0,110.0,122.0,0.0430,0.00000000,0.0434
1024.0,1088.0,122.0,140.0,0.0269,0.00000000,0.0340
1024.0,1088.0,140.0,156.0,0.0771,0.00000000,0.0886
1024.0,1088.0,156.0,172.0,0.0684,0.00000000,0.0906
1024.0,1088.0,172.0,188.0,0.0723,0.00000000,0.0709
1024.0,1088.0,188.0,204.0,0.0566,0.00000226,0.0638
1024.0,1088.0,204.0,228.0,0.0671,0.00000182,0.0632
1024.0,1088.0,228.0,260.0,0.0557,0.00000043,0.0563
1024.0,1088.0,260.0,292.0,0.0674,0.00000057,0.0645
1024.0,1088.0,292.0,324.0,0.0625,0.00000022,0.0608
1024.0,1088.0,324.0,356.0,0.0635,0.00000163,0.0551
1024.0,1088.0,356.0,388.0,0.0537,0.00000107,0.0573
1024.0,1088.0,388.0,444.0,0.0463,0.00000049,0.0551
1024.0,1088.0,444.0,508.0,0.0439,0.00000135,0.0531
1024.0,1088.0,508.0,572.0,0.0486,0.00000200,0.0483
1024.0,1088.0,572.0,636.0,0.0486,0.00000458,0.0438
1024.0,1088.0,636.0,700.0,0.0417,0.00000538,0.0417
1024.0,1088.0,700.0,764.0,0.0435,0.00000302,0.0441
1024.0,1088.0,764.0,892.0,0.0383,0.00000162,0.0360
1024.0,1088.0,892.0,1020.0,0.0057,0.00000000,0.0053
1088.0,1152.0,51.0,62.0,0.0270,0.00000000,0.0217
1088.0,1152.0,62.0,70.0,0.0449,0.00000000,0.0328
1088.0,1152.0,70.0,78.0,0.0527,0.00000181,0.0433
1088.0,1152.0,78.0,86.0,0.0625,0.00000000,0.0622
1088.0,1152.0,86.0,94.0,0.0703,0.00000000,0.0548
1088.0,1152.0,94.0,102.0,0.0664,0.00000000,0.0669
1088.0,1152.0,102.0,110.0,0.0684,0.00000000,0.0840
1088.0,1152.0,110.0,122.0,0.0247,0.00000000,0.0347
1088.0,1152.0,122.0,140.0,0.0200,0.00000000,0.0234
1088.0,1152.0,140.0,156.0,0.0625,0.00000000,0.0676
1088.0,1152.0,156.0,172.0,0.0684,0.00000026,0.0589
1088.0,1152.0,172.0,188.0,0.0615,0.00000000,0.0526
1088.0,1152.0,188.0,204.0,0.0449,0.00000170,0.0480
1088.0,1152.0,204.0,228.0,0.0527,0.00000093,0.0436
1088.0,1152.0,228.0,260.0,0.0415,0.00000000,0.0448
1088.0,1152.0,260.0,292.0,0.0469,0.00000000,0.0432
1088.0,1152.0,292.0,324.0,0.0439,0.00000244,0.0427
1088.0,1152.0,324.0,356.0,0.0405,0.00000000,0.0486
1088.0,1152.0,356.0,388.0,0.0444,0.00000150,0.0424
1088.0,1152.0,388.0,444.0,0.0385,0.00000166,0.0414
1088.0,1152.0,444.0,508.0,0.0400,0.00000117,0.0402
1088.0,1152.0,508.0,572.0,0.0386,0.00000112,0.0323
1088.0,1152.0,572.0,636.0,0.0300,0.00000304,0.0325
1088.0,1152.0,636.0,700.0,0.0303,0.00000190,0.0327
1088.0,1152.0,700.0,764.0,0.0278,0.00000329,0.0296
1088.0,1152.0,764.0,892.0,0.0299,0.00000172,0.0282
1088.0,1152.0,892.0,1020.0,0.0137,0.00000021,0.0138
1088.0,1152.0,1020.0,1148.0,0.0005,0.00000000,0.0005
1152.0,1216.0,51.0,62.0,0.0170,0.00000000,0.0152
1152.0,1216.0,62.0,70.0,0.0234,0.00000000,0.0277
1152.0,1216.0,70.0,78.0,0.0312,0.00000000,0.0305
1152.0,1216.0,78.0,86.0,0.0410,0.00000000,0.0503
1152.0,1216.0,86.0,94.0,0.0488,0.00000000,0.0484
1152.0,1216.0,94.0,102.0,0.0508,0.00000000,0.0495
1152.0,1216.0,102.0,110.0,0.0449,0.00000000,0.0482
1152.0,1216.0,110.0,122.0,0.0326,0.00000000,0.0204
1152.0,1216.0,122.0,140.0,0.0200,0.00000000,0.0200
1152.0,1216.0,140.0,156.0,0.0439,0.00000000,0.0478
1152.0,1216.0,156.0,172.0,0.0410,0.00000000,0.0476
1152.0,1216.0,172.0,188.0,0.0352,0.00000091,0.0405
1152.0,1216.0,188.0,204.0,0.0342,0.00000000,0.0351
1152.0,1216.0,204.0,228.0,0.0299,0.00000000,0.0384
1152.0,1216.0,228.0,260.0,0.0303,0.00000000,0.0365
1152.0,1216.0,260.0,292.0,0.0415,0.00000102,0.0357
1152.0,1216.0,292.0,324.0,0.0371,0.00000000,0.0283
1152.0,1216.0,324.0,356.0,0.0283,0.00000072,0.0288
1152.0,1216.0,356.0,388.0,0.0293,0.00000035,0.0284
1152.0,1216.0,388.0,444.0,0.0293,0.00000168,0.0320
1152.0,1216.0,444.0,508.0,0.0288,0.00000053,0.0290
1152.0,1216.0,508.0,572.0,0.0232,0.00000175,0.0256
1152.0,1216.0,572.0,636.0,0.0259,0.00000158,0.0263
1152.0,1216.0,636.0,700.0,0.0227,0.00000324,0.0221
1152.0,1216.0,700.0,764.0,0.0222,0.00000172,0.0231
1152.0,1216.0,764.0,892.0,0.0217,0.00000228,0.0221
1152.0,1216.0,892.0,1020.0,0.0172,0.00000095,0.0168
1152.0,1216.0,1020.0,1148.0,0.0017,0.00000000,0.0023
1216.0,1296.0,51.0,62.0,0.0114,0.00000000,0.0102
1216.0,1296.0,62.0,70.0,0.0109,0.00000000,0.0214
1216.0,1296.0,70.0,78.0,0.0281,0.00000000,0.0254
1216.0,1296.0,78.0,86.0,0.0297,0.00000000,0.0329
1216.0,1296.0,86.0,94.0,0.0312,0.00000000,0.0368
1216.0,1296.0,94.0,102.0,0.0203,0.00000000,0.0359
1216.0,1296.0,102.0,110.0,0.0359,0.00000000,0.0349
1216.0,1296.0,110.0,122.0,0.0177,0.00000000,0.0169
1216.0,1296.0,122.0,140.0,0.0069,0.00000000,0.0103
1216.0,1296.0,140.0,156.0,0.0320,0.00000000,0.0361
1216.0,1296.0,156.0,172.0,0.0359,0.00000000,0.0282
1216.0,1296.0,172.0,188.0,0.0273,0.00000000,0.0319
1216.0,1296.0,188.0,204.0,0.0227,0.00000000,0.0281
1216.0,1296.0,204.0,228.0,0.0245,0.00000000,0.0314
1216.0,1296.0,228.0,260.0,0.0203,0.00000020,0.0251
1216.0,1296.0,260.0,292.0,0.0238,0.00000022,0.0239
1216.0,1296.0,292.0,324.0,0.0219,0.00000000,0.0239
1216.0,1296.0,324.0,356.0,0.0227,0.00000000,0.0240
1216.0,1296.0,356.0,388.0,0.0215,0.00000066,0.0247
1216.0,1296.0,388.0,444.0,0.0192,0.00000044,0.0208
1216.0,1296.0,444.0,508.0,0.0201,0.00000136,0.0209
1216.0,1296.0,508.0,572.0,0.0209,0.00000050,0.0206
1216.0,1296.0,572.0,636.0,0.0156,0.00000116,0.0178
1216.0,1296.0,636.0,700.0,0.0162,0.00000000,0.0176
1216.0,1296.0,700.0,764.0,0.0178,0.00000100,0.0160
1216.0,1296.0,764.0,892.0,0.0162,0.00000168,0.0173
1216.0,1296.0,892.0,1020.0,0.0177,0.00000140,0.0155
1216.0,1296.0,1020.0,1148.0,0.0085,0.00000052,0.0076
1216.0,1296.0,1148.0,1276.0,0.0005,0.00000000,0.0005
1296.0,1424.0,51.0,62.0,0.0028,0.00000000,0.0054
1296.0,1424.0,62.0,70.0,0.0146,0.00000000,0.0137
1296.0,1424.0,70.0,78.0,0.0205,0.00000000,0.0175
1296.0,1424.0,78.0,86.0,0.0127,0.00000000,0.0244
1296.0,1424.0,86.0,94.0,0.0283,0.00000000,0.0242
1296.0,1424.0,94.0,102.0,0.0244,0.00000000,0.0246
1296.0,1424.0,102.0,110.0,0.0225,0.00000000,0.0211
1296.0,1424.0,110.0,122.0,0.0111,0.00000000,0.0140
1296.0,1424.0,122.0,140.0,0.0091,0.00000000,0.0079
1296.0,1424.0,140.0,156.0,0.0171,0.00000000,0.0216
1296.0,1424.0,156.0,172.0,0.0195,0.00000000,0.0210
1296.0,1424.0,172.0,188.0,0.0156,0.00000000,0.0205
1296.0,1424.0,188.0,204.0,0.0151,0.00000000,0.0156
1296.0,1424.0,204.0,228.0,0.0120,0.00000000,0.0164
1296.0,1424.0,228.0,260.0,0.0134,0.00000000,0.0167
1296.0,1424.0,260.0,292.0,0.0164,0.00000072,0.0132
1296.0,1424.0,292.0,324.0,0.0134,0.00000090,0.0156
1296.0,1424.0,324.0,356.0,0.0132,0.00000000,0.0156
1296.0,1424.0,356.0,388.0,0.0159,0.00000041,0.0149
1296.0,1424.0,388.0,444.0,0.0110,0.00000061,0.0145
1296.0,1424.0,444.0,508.0,0.0137,0.00000009,0.0124
1296.0,1424.0,508.0,572.0,0.0120,0.00000018,0.0118
1296.0,1424.0,572.0,636.0,0.0103,0.00000017,0.0121
1296.0,1424.0,636.0,700.0,0.0115,0.00000014,0.0112
1296.0,1424.0,700.0,764.0,0.0096,0.00000053,0.0105
1296.0,1424.0,764.0,892.0,0.0103,0.00000116,0.0095
1296.0,1424.0,892.0,1020.0,0.0106,0.00000086,0.0100
1296.0,1424.0,1020.0,1148.0,0.0083,0.00000091,0.0095
1296.0,1424.0,1148.0,1276.0,0.0027,0.00000008,0.0042
1296.0,1424.0,1276.0,1404.0,0.0005,0.00000000,0.0005
1424.0,1552.0,140.0,156.0,0.0146,0.00000000,0.0141
1424.0,1552.0,156.0,172.0,0.0132,0.00000068,0.0102
1424.0,1552.0,172.0,188.0,0.0117,0.00000000,0.0130
1424.0,1552.0,188.0,204.0,0.0088,0.00000000,0.0097
1424.0,1552.0,204.0,228.0,0.0107,0.00000000,0.0088
1424.0,1552.0,228.0,260.0,0.0076,0.00000028,0.0096
1424.0,1552.0,260.0,292.0,0.0103,0.00000035,0.0098
1424.0,1552.0,292.0,324.0,0.0083,0.00000036,0.0100
1424.0,1552.0,324.0,356.0,0.0083,0.00000000,0.0086
1424.0,1552.0,356.0,388.0,0.0063,0.00000014,0.0072
1424.0,1552.0,388.0,444.0,0.0098,0.00000034,0.0080
1424.0,1552.0,444.0,508.0,0.0071,0.00000007,0.0090
1424.0,1552.0,508.0,572.0,0.0072,0.00000041,0.0069
1424.0,1552.0,572.0,636.0,0.0048,0.00000026,0.0071
1424.0,1552.0,636.0,700.0,0.0068,0.00000000,0.0053
1424.0,1552.0,700.0,764.0,0.0040,0.00000011,0.0060
1424.0,1552.0,764.0,892.0,0.0061,0.00000040,0.0062
1424.0,1552.0,892.0,1020.0,0.0049,0.00000045,0.0061
1424.0,1552.0,1020.0,1148.0,0.0049,0.00000054,0.0057
1424.0,1552.0,1148.0,1276.0,0.0057,0.00000016,0.0056
1424.0,1552.0,1276.0,1404.0,0.0023,0.00000008,0.0021
1424.0,1552.0,1404.0,1564.0,0.0005,0.00000000,0.0005
1552.0,1680.0,204.0,228.0,0.0068,0.00000000,0.0058
1552.0,1680.0,228.0,260.0,0.0056,0.00000000,0.0055
1552.0,1680.0,260.0,292.0,0.0044,0.00000010,0.0059
1552.0,1680.0,292.0,324.0,0.0066,0.00000000,0.0046
1552.0,1680.0,324.0,356.0,0.0046,0.00000000,0.0045
1552.0,1680.0,356.0,388.0,0.0042,0.00000000,0.0051
1552.0,1680.0,388.0,444.0,0.0056,0.00000000,0.0036
1552.0,1680.0,444.0,508.0,0.0049,0.00000023,0.0050
1552.0,1680.0,508.0,572.0,0.0032,0.00000013,0.0044
1552.0,1680.0,572.0,636.0,0.0032,0.00000015,0.0039
1552.0,1680.0,636.0,700.0,0.0048,0.00000029,0.0042
1552.0,1680.0,700.0,764.0,0.0042,0.00000020,0.0040
1552.0,1680.0,764.0,892.0,0.0038,0.00000019,0.0037
1552.0,1680.0,892.0,1020.0,0.0032,0.00000041,0.0032
1552.0,1680.0,1020.0,1148.0,0.0037,0.00000039,0.0037
1552.0,1680.0,1148.0,1276.0,0.0037,0.00000027,0.0035
1552.0,1680.0,1276.0,1404.0,0.0030,0.00000035,0.0035
1552.0,1680.0,1404.0,1564.0,0.0010,0.00000010,0.0012
1680.0,1808.0,764.0,892.0,0.0026,0.00000020,0.0019
1680.0,1808.0,892.0,1020.0,0.0018,0.00000000,0.0021
1680.0,1808.0,1020.0,1148.0,0.0022,0.00000033,0.0018
1680.0,1808.0,1148.0,1276.0,0.0022,0.00000008,0.0021
1680.0,1808.0,1276.0,1404.0,0.0025,0.00000013,0.0022
1680.0,1808.0,1404.0,1564.0,0.0020,0.00000012,0.0019
1680.0,1808.0,1564.0,1820.0,0.0005,0.00000000,0.0005
1808.0,1936.0,764.0,892.0,0.0009,0.00000000,0.0012
1808.0,1936.0,892.0,1020.0,0.0014,0.00000008,0.0011
1808.0,1936.0,1020.0,1148.0,0.0012,0.00000000,0.0012
1808.0,1936.0,1148.0,1276.0,0.0010,0.00000042,0.0013
1808.0,1936.0,1276.0,1404.0,0.0016,0.00000031,0.0014
1808.0,1936.0,1404.0,1564.0,0.0016,0.00000014,0.0013
1808.0,1936.0,1564.0,1820.0,0.0006,0.00000007,0.0007
